iteration;avg_executed;avg_worst;avg_average;avg_best
0;101.51740267930364;101.51740267930364;101.51740267930364;101.51740267930364
1;101.50985071412063;101.46316914007801;101.51362669671164;101.56408425334628
