iteration;avg_executed;avg_worst;avg_average;avg_best
0;101.51740267879546;101.51740267879546;101.51740267879546;101.51740267879546
1;101.51142267025647;101.46646974564925;101.51441267454477;101.56235560340271
