iteration;avg_executed;avg_worst;avg_average;avg_best
0;97.1962346729156;97.1962346729156;97.1962346729156;97.1962346729156
1;97.1962346729156;97.1962346729156;97.1962346729156;97.1962346729156
