ITERATION;avg. Average Leg distance;avg. Average Trip distance
0;122455.91183412033;122455.91183412033
1;122493.90748991347;122493.90748991347
