iteration;avg_executed;avg_worst;avg_average;avg_best
0;101.51740267879546;101.51740267879546;101.51740267879546;101.51740267879546
1;101.51740267879546;101.51740267879546;101.51740267879546;101.51740267879546
