iteration;avg_executed;avg_worst;avg_average;avg_best
0;114.11636532467017;114.11636532467017;114.11636532467017;114.11636532467017
1;114.11636532467017;114.11636532467017;114.11636532467017;114.11636532467017
