iteration;avg_executed;avg_worst;avg_average;avg_best
0;101.51740267930379;101.51740267930379;101.51740267930379;101.51740267930379
1;101.51025063052981;101.46365320341548;101.5138266549163;101.56400010641813
