iteration;avg_executed;avg_worst;avg_average;avg_best
0;-3908.465025977471;-3908.465025977471;-3908.465025977471;-3908.465025977471
1;-3908.212754094013;-3923.7048526791027;-3908.3905995396076;-3893.0763464001266
