ITERATION;avg. Average Leg distance;avg. Average Trip distance
0;97390.41407167855;97390.41407167855
1;97433.31543538149;97433.31543538149
