iteration;avg_executed;avg_worst;avg_average;avg_best
0;101.51740267930369;101.51740267930369;101.51740267930369;101.51740267930369
1;101.51025348430977;101.4632807192204;101.51382808180624;101.56437544439308
